"Sex","Race","State","Ethnicity","Age Group","First Year","Last Year","Cause of Death","Year","Deaths","Population","Crude Rate"
"Both Sexes","All Races","Alabama","Both","All Ages","1999","2013","Homicide Firearm","1999","293","4430141","6.61"
"Both Sexes","All Races","Alaska","Both","All Ages","1999","2013","Homicide Firearm","1999","27","624779","4.32"
"Both Sexes","All Races","Arizona","Both","All Ages","1999","2013","Homicide Firearm","1999","303","5023823","6.03"
"Both Sexes","All Races","Arkansas","Both","All Ages","1999","2013","Homicide Firearm","1999","118","2651860","4.45"
"Both Sexes","All Races","California","Both","All Ages","1999","2013","Homicide Firearm","1999","1380","33499204","4.12"
"Both Sexes","All Races","Colorado","Both","All Ages","1999","2013","Homicide Firearm","1999","121","4226018","2.86"
"Both Sexes","All Races","Connecticut","Both","All Ages","1999","2013","Homicide Firearm","1999","84","3386401","2.48"
"Both Sexes","All Races","Delaware","Both","All Ages","1999","2013","Homicide Firearm","1999","18","774990","2.32"
"Both Sexes","All Races","District of Columbia","Both","All Ages","1999","2013","Homicide Firearm","1999","145","570220","25.43"
"Both Sexes","All Races","Florida","Both","All Ages","1999","2013","Homicide Firearm","1999","545","15759421","3.46"
"Both Sexes","All Races","Georgia","Both","All Ages","1999","2013","Homicide Firearm","1999","438","8045965","5.44"
"Both Sexes","All Races","Hawaii","Both","All Ages","1999","2013","Homicide Firearm","1999","19","1210300","1.57"
"Both Sexes","All Races","Idaho","Both","All Ages","1999","2013","Homicide Firearm","1999","16","1275674","1.25"
"Both Sexes","All Races","Illinois","Both","All Ages","1999","2013","Homicide Firearm","1999","689","12359020","5.57"
"Both Sexes","All Races","Indiana","Both","All Ages","1999","2013","Homicide Firearm","1999","271","6044970","4.48"
"Both Sexes","All Races","Iowa","Both","All Ages","1999","2013","Homicide Firearm","1999","28","2917634","0.96"
"Both Sexes","All Races","Kansas","Both","All Ages","1999","2013","Homicide Firearm","1999","88","2678338","3.29"
"Both Sexes","All Races","Kentucky","Both","All Ages","1999","2013","Homicide Firearm","1999","142","4018053","3.53"
"Both Sexes","All Races","Louisiana","Both","All Ages","1999","2013","Homicide Firearm","1999","342","4460811","7.67"
"Both Sexes","All Races","Maine","Both","All Ages","1999","2013","Homicide Firearm","1999","15","1266808","1.18"
"Both Sexes","All Races","Maryland","Both","All Ages","1999","2013","Homicide Firearm","1999","396","5254509","7.54"
"Both Sexes","All Races","Massachusetts","Both","All Ages","1999","2013","Homicide Firearm","1999","71","6317345","1.12"
"Both Sexes","All Races","Michigan","Both","All Ages","1999","2013","Homicide Firearm","1999","516","9897116","5.21"
"Both Sexes","All Races","Minnesota","Both","All Ages","1999","2013","Homicide Firearm","1999","54","4873481","1.11"
"Both Sexes","All Races","Mississippi","Both","All Ages","1999","2013","Homicide Firearm","1999","214","2828408","7.57"
"Both Sexes","All Races","Missouri","Both","All Ages","1999","2013","Homicide Firearm","1999","244","5561948","4.39"
"Both Sexes","All Races","Montana","Both","All Ages","1999","2013","Homicide Firearm","1999","17","897508","1.89"
"Both Sexes","All Races","Nebraska","Both","All Ages","1999","2013","Homicide Firearm","1999","29","1704764","1.7"
"Both Sexes","All Races","Nevada","Both","All Ages","1999","2013","Homicide Firearm","1999","100","1934718","5.17"
"Both Sexes","All Races","New Hampshire","Both","All Ages","1999","2013","Homicide Firearm","1999","P","1222015","."
"Both Sexes","All Races","New Jersey","Both","All Ages","1999","2013","Homicide Firearm","1999","153","8359592","1.83"
"Both Sexes","All Races","New Mexico","Both","All Ages","1999","2013","Homicide Firearm","1999","91","1808082","5.03"
"Both Sexes","All Races","New York","Both","All Ages","1999","2013","Homicide Firearm","1999","540","18882725","2.86"
"Both Sexes","All Races","North Carolina","Both","All Ages","1999","2013","Homicide Firearm","1999","459","7949362","5.77"
"Both Sexes","All Races","North Dakota","Both","All Ages","1999","2013","Homicide Firearm","1999","P","644259","."
"Both Sexes","All Races","Ohio","Both","All Ages","1999","2013","Homicide Firearm","1999","256","11335454","2.26"
"Both Sexes","All Races","Oklahoma","Both","All Ages","1999","2013","Homicide Firearm","1999","150","3437148","4.36"
"Both Sexes","All Races","Oregon","Both","All Ages","1999","2013","Homicide Firearm","1999","60","3393941","1.77"
"Both Sexes","All Races","Pennsylvania","Both","All Ages","1999","2013","Homicide Firearm","1999","428","12263805","3.49"
"Both Sexes","All Races","Rhode Island","Both","All Ages","1999","2013","Homicide Firearm","1999","21","1040402","2.02"
"Both Sexes","All Races","South Carolina","Both","All Ages","1999","2013","Homicide Firearm","1999","223","3974682","5.61"
"Both Sexes","All Races","South Dakota","Both","All Ages","1999","2013","Homicide Firearm","1999","P","750413","."
"Both Sexes","All Races","Tennessee","Both","All Ages","1999","2013","Homicide Firearm","1999","286","5638706","5.07"
"Both Sexes","All Races","Texas","Both","All Ages","1999","2013","Homicide Firearm","1999","794","20558220","3.86"
"Both Sexes","All Races","Utah","Both","All Ages","1999","2013","Homicide Firearm","1999","30","2203482","1.36"
"Both Sexes","All Races","Vermont","Both","All Ages","1999","2013","Homicide Firearm","1999","P","604683","."
"Both Sexes","All Races","Virginia","Both","All Ages","1999","2013","Homicide Firearm","1999","280","7000174","4"
"Both Sexes","All Races","Washington","Both","All Ages","1999","2013","Homicide Firearm","1999","108","5842564","1.85"
"Both Sexes","All Races","West Virginia","Both","All Ages","1999","2013","Homicide Firearm","1999","62","1811799","3.42"
"Both Sexes","All Races","Wisconsin","Both","All Ages","1999","2013","Homicide Firearm","1999","128","5332666","2.4"
"Both Sexes","All Races","Wyoming","Both","All Ages","1999","2013","Homicide Firearm","1999","P","491780","."
"Both Sexes","All Races","","Both","All Ages","1999","2013","Homicide Firearm","1999","10828","279040181","3.88"
"Both Sexes","All Races","Alabama","Both","All Ages","1999","2013","Homicide Firearm","2000","294","4447100","6.61"
"Both Sexes","All Races","Alaska","Both","All Ages","1999","2013","Homicide Firearm","2000","16","626932","2.55"
"Both Sexes","All Races","Arizona","Both","All Ages","1999","2013","Homicide Firearm","2000","274","5130632","5.34"
"Both Sexes","All Races","Arkansas","Both","All Ages","1999","2013","Homicide Firearm","2000","140","2673400","5.24"
"Both Sexes","All Races","California","Both","All Ages","1999","2013","Homicide Firearm","2000","1483","33871648","4.38"
"Both Sexes","All Races","Colorado","Both","All Ages","1999","2013","Homicide Firearm","2000","84","4301261","1.95"
"Both Sexes","All Races","Connecticut","Both","All Ages","1999","2013","Homicide Firearm","2000","61","3405565","1.79"
"Both Sexes","All Races","Delaware","Both","All Ages","1999","2013","Homicide Firearm","2000","P","783600","."
"Both Sexes","All Races","District of Columbia","Both","All Ages","1999","2013","Homicide Firearm","2000","138","572059","24.12"
"Both Sexes","All Races","Florida","Both","All Ages","1999","2013","Homicide Firearm","2000","467","15982378","2.92"
"Both Sexes","All Races","Georgia","Both","All Ages","1999","2013","Homicide Firearm","2000","442","8186453","5.4"
"Both Sexes","All Races","Hawaii","Both","All Ages","1999","2013","Homicide Firearm","2000","P","1211537","."
"Both Sexes","All Races","Idaho","Both","All Ages","1999","2013","Homicide Firearm","2000","14","1293953","1.08"
"Both Sexes","All Races","Illinois","Both","All Ages","1999","2013","Homicide Firearm","2000","674","12419293","5.43"
"Both Sexes","All Races","Indiana","Both","All Ages","1999","2013","Homicide Firearm","2000","218","6080485","3.59"
"Both Sexes","All Races","Iowa","Both","All Ages","1999","2013","Homicide Firearm","2000","25","2926324","0.85"
"Both Sexes","All Races","Kansas","Both","All Ages","1999","2013","Homicide Firearm","2000","101","2688418","3.76"
"Both Sexes","All Races","Kentucky","Both","All Ages","1999","2013","Homicide Firearm","2000","133","4041769","3.29"
"Both Sexes","All Races","Louisiana","Both","All Ages","1999","2013","Homicide Firearm","2000","427","4468976","9.55"
"Both Sexes","All Races","Maine","Both","All Ages","1999","2013","Homicide Firearm","2000","11","1274923","0.86"
"Both Sexes","All Races","Maryland","Both","All Ages","1999","2013","Homicide Firearm","2000","353","5296486","6.66"
"Both Sexes","All Races","Massachusetts","Both","All Ages","1999","2013","Homicide Firearm","2000","67","6349097","1.06"
"Both Sexes","All Races","Michigan","Both","All Ages","1999","2013","Homicide Firearm","2000","504","9938444","5.07"
"Both Sexes","All Races","Minnesota","Both","All Ages","1999","2013","Homicide Firearm","2000","77","4919479","1.57"
"Both Sexes","All Races","Mississippi","Both","All Ages","1999","2013","Homicide Firearm","2000","214","2844658","7.52"
"Both Sexes","All Races","Missouri","Both","All Ages","1999","2013","Homicide Firearm","2000","273","5595211","4.88"
"Both Sexes","All Races","Montana","Both","All Ages","1999","2013","Homicide Firearm","2000","17","902195","1.88"
"Both Sexes","All Races","Nebraska","Both","All Ages","1999","2013","Homicide Firearm","2000","41","1711263","2.4"
"Both Sexes","All Races","Nevada","Both","All Ages","1999","2013","Homicide Firearm","2000","89","1998257","4.45"
"Both Sexes","All Races","New Hampshire","Both","All Ages","1999","2013","Homicide Firearm","2000","P","1235786","."
"Both Sexes","All Races","New Jersey","Both","All Ages","1999","2013","Homicide Firearm","2000","172","8414350","2.04"
"Both Sexes","All Races","New Mexico","Both","All Ages","1999","2013","Homicide Firearm","2000","99","1819046","5.44"
"Both Sexes","All Races","New York","Both","All Ages","1999","2013","Homicide Firearm","2000","602","18976457","3.17"
"Both Sexes","All Races","North Carolina","Both","All Ages","1999","2013","Homicide Firearm","2000","458","8049313","5.69"
"Both Sexes","All Races","North Dakota","Both","All Ages","1999","2013","Homicide Firearm","2000","P","642200","."
"Both Sexes","All Races","Ohio","Both","All Ages","1999","2013","Homicide Firearm","2000","253","11353140","2.23"
"Both Sexes","All Races","Oklahoma","Both","All Ages","1999","2013","Homicide Firearm","2000","115","3450654","3.33"
"Both Sexes","All Races","Oregon","Both","All Ages","1999","2013","Homicide Firearm","2000","62","3421399","1.81"
"Both Sexes","All Races","Pennsylvania","Both","All Ages","1999","2013","Homicide Firearm","2000","439","12281054","3.57"
"Both Sexes","All Races","Rhode Island","Both","All Ages","1999","2013","Homicide Firearm","2000","27","1048319","2.58"
"Both Sexes","All Races","South Carolina","Both","All Ages","1999","2013","Homicide Firearm","2000","169","4012012","4.21"
"Both Sexes","All Races","South Dakota","Both","All Ages","1999","2013","Homicide Firearm","2000","P","754844","."
"Both Sexes","All Races","Tennessee","Both","All Ages","1999","2013","Homicide Firearm","2000","343","5689283","6.03"
"Both Sexes","All Races","Texas","Both","All Ages","1999","2013","Homicide Firearm","2000","804","20851820","3.86"
"Both Sexes","All Races","Utah","Both","All Ages","1999","2013","Homicide Firearm","2000","16","2233169","0.72"
"Both Sexes","All Races","Vermont","Both","All Ages","1999","2013","Homicide Firearm","2000","P","608827","."
"Both Sexes","All Races","Virginia","Both","All Ages","1999","2013","Homicide Firearm","2000","284","7078515","4.01"
"Both Sexes","All Races","Washington","Both","All Ages","1999","2013","Homicide Firearm","2000","112","5894121","1.9"
"Both Sexes","All Races","West Virginia","Both","All Ages","1999","2013","Homicide Firearm","2000","56","1808344","3.1"
"Both Sexes","All Races","Wisconsin","Both","All Ages","1999","2013","Homicide Firearm","2000","112","5363675","2.09"
"Both Sexes","All Races","Wyoming","Both","All Ages","1999","2013","Homicide Firearm","2000","P","493782","."
"Both Sexes","All Races","","Both","All Ages","1999","2013","Homicide Firearm","2000","10801","281421906","3.84"
"Both Sexes","All Races","Alabama","Both","All Ages","1999","2013","Homicide Firearm","2001","302","4467634","6.76"
"Both Sexes","All Races","Alaska","Both","All Ages","1999","2013","Homicide Firearm","2001","25","633714","3.94"
"Both Sexes","All Races","Arizona","Both","All Ages","1999","2013","Homicide Firearm","2001","332","5273477","6.3"
"Both Sexes","All Races","Arkansas","Both","All Ages","1999","2013","Homicide Firearm","2001","110","2691571","4.09"
"Both Sexes","All Races","California","Both","All Ages","1999","2013","Homicide Firearm","2001","1589","34479458","4.61"
"Both Sexes","All Races","Colorado","Both","All Ages","1999","2013","Homicide Firearm","2001","98","4425687","2.21"
"Both Sexes","All Races","Connecticut","Both","All Ages","1999","2013","Homicide Firearm","2001","72","3432835","2.1"
"Both Sexes","All Races","Delaware","Both","All Ages","1999","2013","Homicide Firearm","2001","19","795699","2.39"
"Both Sexes","All Races","District of Columbia","Both","All Ages","1999","2013","Homicide Firearm","2001","141","574504","24.54"
"Both Sexes","All Races","Florida","Both","All Ages","1999","2013","Homicide Firearm","2001","573","16356966","3.5"
"Both Sexes","All Races","Georgia","Both","All Ages","1999","2013","Homicide Firearm","2001","454","8377038","5.42"
"Both Sexes","All Races","Hawaii","Both","All Ages","1999","2013","Homicide Firearm","2001","P","1225948","."
"Both Sexes","All Races","Idaho","Both","All Ages","1999","2013","Homicide Firearm","2001","25","1319962","1.89"
"Both Sexes","All Races","Illinois","Both","All Ages","1999","2013","Homicide Firearm","2001","747","12488445","5.98"
"Both Sexes","All Races","Indiana","Both","All Ages","1999","2013","Homicide Firearm","2001","290","6127760","4.73"
"Both Sexes","All Races","Iowa","Both","All Ages","1999","2013","Homicide Firearm","2001","24","2931997","0.82"
"Both Sexes","All Races","Kansas","Both","All Ages","1999","2013","Homicide Firearm","2001","91","2702162","3.37"
"Both Sexes","All Races","Kentucky","Both","All Ages","1999","2013","Homicide Firearm","2001","138","4068132","3.39"
"Both Sexes","All Races","Louisiana","Both","All Ages","1999","2013","Homicide Firearm","2001","400","4477875","8.93"
"Both Sexes","All Races","Maine","Both","All Ages","1999","2013","Homicide Firearm","2001","P","1285692","."
"Both Sexes","All Races","Maryland","Both","All Ages","1999","2013","Homicide Firearm","2001","363","5374691","6.75"
"Both Sexes","All Races","Massachusetts","Both","All Ages","1999","2013","Homicide Firearm","2001","80","6397634","1.25"
"Both Sexes","All Races","Michigan","Both","All Ages","1999","2013","Homicide Firearm","2001","499","9991120","4.99"
"Both Sexes","All Races","Minnesota","Both","All Ages","1999","2013","Homicide Firearm","2001","68","4982796","1.36"
"Both Sexes","All Races","Mississippi","Both","All Ages","1999","2013","Homicide Firearm","2001","224","2852994","7.85"
"Both Sexes","All Races","Missouri","Both","All Ages","1999","2013","Homicide Firearm","2001","275","5641142","4.87"
"Both Sexes","All Races","Montana","Both","All Ages","1999","2013","Homicide Firearm","2001","20","906961","2.21"
"Both Sexes","All Races","Nebraska","Both","All Ages","1999","2013","Homicide Firearm","2001","21","1719836","1.22"
"Both Sexes","All Races","Nevada","Both","All Ages","1999","2013","Homicide Firearm","2001","109","2098399","5.19"
"Both Sexes","All Races","New Hampshire","Both","All Ages","1999","2013","Homicide Firearm","2001","P","1255517","."
"Both Sexes","All Races","New Jersey","Both","All Ages","1999","2013","Homicide Firearm","2001","185","8492671","2.18"
"Both Sexes","All Races","New Mexico","Both","All Ages","1999","2013","Homicide Firearm","2001","67","1831690","3.66"
"Both Sexes","All Races","New York","Both","All Ages","1999","2013","Homicide Firearm","2001","583","19082838","3.06"
"Both Sexes","All Races","North Carolina","Both","All Ages","1999","2013","Homicide Firearm","2001","418","8210122","5.09"
"Both Sexes","All Races","North Dakota","Both","All Ages","1999","2013","Homicide Firearm","2001","P","639062","."
"Both Sexes","All Races","Ohio","Both","All Ages","1999","2013","Homicide Firearm","2001","316","11387404","2.77"
"Both Sexes","All Races","Oklahoma","Both","All Ages","1999","2013","Homicide Firearm","2001","126","3467100","3.63"
"Both Sexes","All Races","Oregon","Both","All Ages","1999","2013","Homicide Firearm","2001","47","3467937","1.36"
"Both Sexes","All Races","Pennsylvania","Both","All Ages","1999","2013","Homicide Firearm","2001","444","12298970","3.61"
"Both Sexes","All Races","Rhode Island","Both","All Ages","1999","2013","Homicide Firearm","2001","20","1057142","1.89"
"Both Sexes","All Races","South Carolina","Both","All Ages","1999","2013","Homicide Firearm","2001","228","4064995","5.61"
"Both Sexes","All Races","South Dakota","Both","All Ages","1999","2013","Homicide Firearm","2001","P","757972","."
"Both Sexes","All Races","Tennessee","Both","All Ages","1999","2013","Homicide Firearm","2001","307","5750789","5.34"
"Both Sexes","All Races","Texas","Both","All Ages","1999","2013","Homicide Firearm","2001","873","21319622","4.09"
"Both Sexes","All Races","Utah","Both","All Ages","1999","2013","Homicide Firearm","2001","40","2283715","1.75"
"Both Sexes","All Races","Vermont","Both","All Ages","1999","2013","Homicide Firearm","2001","P","612223","."
"Both Sexes","All Races","Virginia","Both","All Ages","1999","2013","Homicide Firearm","2001","275","7198362","3.82"
"Both Sexes","All Races","Washington","Both","All Ages","1999","2013","Homicide Firearm","2001","106","5985722","1.77"
"Both Sexes","All Races","West Virginia","Both","All Ages","1999","2013","Homicide Firearm","2001","38","1801481","2.11"
"Both Sexes","All Races","Wisconsin","Both","All Ages","1999","2013","Homicide Firearm","2001","134","5406835","2.48"
"Both Sexes","All Races","Wyoming","Both","All Ages","1999","2013","Homicide Firearm","2001","P","494657","."
"Both Sexes","All Races","","Both","All Ages","1999","2013","Homicide Firearm","2001","11348","284968955","3.98"
"Both Sexes","All Races","Alabama","Both","All Ages","1999","2013","Homicide Firearm","2002","292","4480089","6.52"
"Both Sexes","All Races","Alaska","Both","All Ages","1999","2013","Homicide Firearm","2002","26","642337","4.05"
"Both Sexes","All Races","Arizona","Both","All Ages","1999","2013","Homicide Firearm","2002","355","5396255","6.58"
"Both Sexes","All Races","Arkansas","Both","All Ages","1999","2013","Homicide Firearm","2002","146","2705927","5.4"
"Both Sexes","All Races","California","Both","All Ages","1999","2013","Homicide Firearm","2002","1810","34871843","5.19"
"Both Sexes","All Races","Colorado","Both","All Ages","1999","2013","Homicide Firearm","2002","116","4490406","2.58"
"Both Sexes","All Races","Connecticut","Both","All Ages","1999","2013","Homicide Firearm","2002","57","3458749","1.65"
"Both Sexes","All Races","Delaware","Both","All Ages","1999","2013","Homicide Firearm","2002","28","806169","3.47"
"Both Sexes","All Races","District of Columbia","Both","All Ages","1999","2013","Homicide Firearm","2002","176","573158","30.71"
"Both Sexes","All Races","Florida","Both","All Ages","1999","2013","Homicide Firearm","2002","635","16689370","3.8"
"Both Sexes","All Races","Georgia","Both","All Ages","1999","2013","Homicide Firearm","2002","477","8508256","5.61"
"Both Sexes","All Races","Hawaii","Both","All Ages","1999","2013","Homicide Firearm","2002","15","1239613","1.21"
"Both Sexes","All Races","Idaho","Both","All Ages","1999","2013","Homicide Firearm","2002","15","1340372","1.12"
"Both Sexes","All Races","Illinois","Both","All Ages","1999","2013","Homicide Firearm","2002","728","12525556","5.81"
"Both Sexes","All Races","Indiana","Both","All Ages","1999","2013","Homicide Firearm","2002","242","6155967","3.93"
"Both Sexes","All Races","Iowa","Both","All Ages","1999","2013","Homicide Firearm","2002","30","2934234","1.02"
"Both Sexes","All Races","Kansas","Both","All Ages","1999","2013","Homicide Firearm","2002","74","2713535","2.73"
"Both Sexes","All Races","Kentucky","Both","All Ages","1999","2013","Homicide Firearm","2002","127","4089875","3.11"
"Both Sexes","All Races","Louisiana","Both","All Ages","1999","2013","Homicide Firearm","2002","467","4497267","10.38"
"Both Sexes","All Races","Maine","Both","All Ages","1999","2013","Homicide Firearm","2002","P","1295960","."
"Both Sexes","All Races","Maryland","Both","All Ages","1999","2013","Homicide Firearm","2002","365","5440389","6.71"
"Both Sexes","All Races","Massachusetts","Both","All Ages","1999","2013","Homicide Firearm","2002","94","6417206","1.46"
"Both Sexes","All Races","Michigan","Both","All Ages","1999","2013","Homicide Firearm","2002","489","10015710","4.88"
"Both Sexes","All Races","Minnesota","Both","All Ages","1999","2013","Homicide Firearm","2002","55","5018935","1.1"
"Both Sexes","All Races","Mississippi","Both","All Ages","1999","2013","Homicide Firearm","2002","208","2858681","7.28"
"Both Sexes","All Races","Missouri","Both","All Ages","1999","2013","Homicide Firearm","2002","253","5674825","4.46"
"Both Sexes","All Races","Montana","Both","All Ages","1999","2013","Homicide Firearm","2002","P","911667","."
"Both Sexes","All Races","Nebraska","Both","All Ages","1999","2013","Homicide Firearm","2002","27","1728292","1.56"
"Both Sexes","All Races","Nevada","Both","All Ages","1999","2013","Homicide Firearm","2002","114","2173791","5.24"
"Both Sexes","All Races","New Hampshire","Both","All Ages","1999","2013","Homicide Firearm","2002","P","1269089","."
"Both Sexes","All Races","New Jersey","Both","All Ages","1999","2013","Homicide Firearm","2002","208","8552643","2.43"
"Both Sexes","All Races","New Mexico","Both","All Ages","1999","2013","Homicide Firearm","2002","81","1855309","4.37"
"Both Sexes","All Races","New York","Both","All Ages","1999","2013","Homicide Firearm","2002","550","19137800","2.87"
"Both Sexes","All Races","North Carolina","Both","All Ages","1999","2013","Homicide Firearm","2002","467","8326201","5.61"
"Both Sexes","All Races","North Dakota","Both","All Ages","1999","2013","Homicide Firearm","2002","P","638168","."
"Both Sexes","All Races","Ohio","Both","All Ages","1999","2013","Homicide Firearm","2002","353","11407889","3.09"
"Both Sexes","All Races","Oklahoma","Both","All Ages","1999","2013","Homicide Firearm","2002","113","3489080","3.24"
"Both Sexes","All Races","Oregon","Both","All Ages","1999","2013","Homicide Firearm","2002","64","3513424","1.82"
"Both Sexes","All Races","Pennsylvania","Both","All Ages","1999","2013","Homicide Firearm","2002","456","12331031","3.7"
"Both Sexes","All Races","Rhode Island","Both","All Ages","1999","2013","Homicide Firearm","2002","25","1065995","2.35"
"Both Sexes","All Races","South Carolina","Both","All Ages","1999","2013","Homicide Firearm","2002","227","4107795","5.53"
"Both Sexes","All Races","South Dakota","Both","All Ages","1999","2013","Homicide Firearm","2002","P","760020","."
"Both Sexes","All Races","Tennessee","Both","All Ages","1999","2013","Homicide Firearm","2002","323","5795918","5.57"
"Both Sexes","All Races","Texas","Both","All Ages","1999","2013","Homicide Firearm","2002","889","21690325","4.1"
"Both Sexes","All Races","Utah","Both","All Ages","1999","2013","Homicide Firearm","2002","27","2324815","1.16"
"Both Sexes","All Races","Vermont","Both","All Ages","1999","2013","Homicide Firearm","2002","P","615442","."
"Both Sexes","All Races","Virginia","Both","All Ages","1999","2013","Homicide Firearm","2002","286","7286873","3.92"
"Both Sexes","All Races","Washington","Both","All Ages","1999","2013","Homicide Firearm","2002","110","6052349","1.82"
"Both Sexes","All Races","West Virginia","Both","All Ages","1999","2013","Homicide Firearm","2002","66","1805414","3.66"
"Both Sexes","All Races","Wisconsin","Both","All Ages","1999","2013","Homicide Firearm","2002","122","5445162","2.24"
"Both Sexes","All Races","Wyoming","Both","All Ages","1999","2013","Homicide Firearm","2002","P","500017","."
"Both Sexes","All Races","","Both","All Ages","1999","2013","Homicide Firearm","2002","11829","287625193","4.11"
"Both Sexes","All Races","Alabama","Both","All Ages","1999","2013","Homicide Firearm","2003","322","4503491","7.15"
"Both Sexes","All Races","Alaska","Both","All Ages","1999","2013","Homicide Firearm","2003","32","648414","4.94"
"Both Sexes","All Races","Arizona","Both","All Ages","1999","2013","Homicide Firearm","2003","324","5510364","5.88"
"Both Sexes","All Races","Arkansas","Both","All Ages","1999","2013","Homicide Firearm","2003","123","2724816","4.51"
"Both Sexes","All Races","California","Both","All Ages","1999","2013","Homicide Firearm","2003","1782","35253159","5.05"
"Both Sexes","All Races","Colorado","Both","All Ages","1999","2013","Homicide Firearm","2003","117","4528732","2.58"
"Both Sexes","All Races","Connecticut","Both","All Ages","1999","2013","Homicide Firearm","2003","56","3484336","1.61"
"Both Sexes","All Races","Delaware","Both","All Ages","1999","2013","Homicide Firearm","2003","18","818003","2.2"
"Both Sexes","All Races","District of Columbia","Both","All Ages","1999","2013","Homicide Firearm","2003","156","568502","27.44"
"Both Sexes","All Races","Florida","Both","All Ages","1999","2013","Homicide Firearm","2003","660","17004085","3.88"
"Both Sexes","All Races","Georgia","Both","All Ages","1999","2013","Homicide Firearm","2003","493","8622793","5.72"
"Both Sexes","All Races","Hawaii","Both","All Ages","1999","2013","Homicide Firearm","2003","10","1251154","0.8"
"Both Sexes","All Races","Idaho","Both","All Ages","1999","2013","Homicide Firearm","2003","19","1363380","1.39"
"Both Sexes","All Races","Illinois","Both","All Ages","1999","2013","Homicide Firearm","2003","696","12556006","5.54"
"Both Sexes","All Races","Indiana","Both","All Ages","1999","2013","Homicide Firearm","2003","247","6196638","3.99"
"Both Sexes","All Races","Iowa","Both","All Ages","1999","2013","Homicide Firearm","2003","24","2941999","0.82"
"Both Sexes","All Races","Kansas","Both","All Ages","1999","2013","Homicide Firearm","2003","78","2723004","2.86"
"Both Sexes","All Races","Kentucky","Both","All Ages","1999","2013","Homicide Firearm","2003","115","4117170","2.79"
"Both Sexes","All Races","Louisiana","Both","All Ages","1999","2013","Homicide Firearm","2003","473","4521042","10.46"
"Both Sexes","All Races","Maine","Both","All Ages","1999","2013","Homicide Firearm","2003","P","1306513","."
"Both Sexes","All Races","Maryland","Both","All Ages","1999","2013","Homicide Firearm","2003","394","5496269","7.17"
"Both Sexes","All Races","Massachusetts","Both","All Ages","1999","2013","Homicide Firearm","2003","78","6422565","1.21"
"Both Sexes","All Races","Michigan","Both","All Ages","1999","2013","Homicide Firearm","2003","477","10041152","4.75"
"Both Sexes","All Races","Minnesota","Both","All Ages","1999","2013","Homicide Firearm","2003","75","5053572","1.48"
"Both Sexes","All Races","Mississippi","Both","All Ages","1999","2013","Homicide Firearm","2003","201","2868312","7.01"
"Both Sexes","All Races","Missouri","Both","All Ages","1999","2013","Homicide Firearm","2003","219","5709403","3.84"
"Both Sexes","All Races","Montana","Both","All Ages","1999","2013","Homicide Firearm","2003","20","919630","2.17"
"Both Sexes","All Races","Nebraska","Both","All Ages","1999","2013","Homicide Firearm","2003","31","1738643","1.78"
"Both Sexes","All Races","Nevada","Both","All Ages","1999","2013","Homicide Firearm","2003","114","2248850","5.07"
"Both Sexes","All Races","New Hampshire","Both","All Ages","1999","2013","Homicide Firearm","2003","P","1279840","."
"Both Sexes","All Races","New Jersey","Both","All Ages","1999","2013","Homicide Firearm","2003","257","8601402","2.99"
"Both Sexes","All Races","New Mexico","Both","All Ages","1999","2013","Homicide Firearm","2003","87","1877574","4.63"
"Both Sexes","All Races","New York","Both","All Ages","1999","2013","Homicide Firearm","2003","589","19175939","3.07"
"Both Sexes","All Races","North Carolina","Both","All Ages","1999","2013","Homicide Firearm","2003","396","8422501","4.7"
"Both Sexes","All Races","North Dakota","Both","All Ages","1999","2013","Homicide Firearm","2003","12","638817","1.88"
"Both Sexes","All Races","Ohio","Both","All Ages","1999","2013","Homicide Firearm","2003","321","11434788","2.81"
"Both Sexes","All Races","Oklahoma","Both","All Ages","1999","2013","Homicide Firearm","2003","139","3504892","3.97"
"Both Sexes","All Races","Oregon","Both","All Ages","1999","2013","Homicide Firearm","2003","52","3547376","1.47"
"Both Sexes","All Races","Pennsylvania","Both","All Ages","1999","2013","Homicide Firearm","2003","467","12374658","3.77"
"Both Sexes","All Races","Rhode Island","Both","All Ages","1999","2013","Homicide Firearm","2003","21","1071342","1.96"
"Both Sexes","All Races","South Carolina","Both","All Ages","1999","2013","Homicide Firearm","2003","236","4150297","5.69"
"Both Sexes","All Races","South Dakota","Both","All Ages","1999","2013","Homicide Firearm","2003","P","763729","."
"Both Sexes","All Races","Tennessee","Both","All Ages","1999","2013","Homicide Firearm","2003","299","5847812","5.11"
"Both Sexes","All Races","Texas","Both","All Ages","1999","2013","Homicide Firearm","2003","974","22030931","4.42"
"Both Sexes","All Races","Utah","Both","All Ages","1999","2013","Homicide Firearm","2003","37","2360137","1.57"
"Both Sexes","All Races","Vermont","Both","All Ages","1999","2013","Homicide Firearm","2003","P","617858","."
"Both Sexes","All Races","Virginia","Both","All Ages","1999","2013","Homicide Firearm","2003","336","7366977","4.56"
"Both Sexes","All Races","Washington","Both","All Ages","1999","2013","Homicide Firearm","2003","111","6104115","1.82"
"Both Sexes","All Races","West Virginia","Both","All Ages","1999","2013","Homicide Firearm","2003","60","1812295","3.31"
"Both Sexes","All Races","Wisconsin","Both","All Ages","1999","2013","Homicide Firearm","2003","140","5479203","2.56"
"Both Sexes","All Races","Wyoming","Both","All Ages","1999","2013","Homicide Firearm","2003","P","503453","."
"Both Sexes","All Races","","Both","All Ages","1999","2013","Homicide Firearm","2003","11920","290107933","4.11"
"Both Sexes","All Races","Alabama","Both","All Ages","1999","2013","Homicide Firearm","2004","262","4530729","5.78"
"Both Sexes","All Races","Alaska","Both","All Ages","1999","2013","Homicide Firearm","2004","20","659286","3.03"
"Both Sexes","All Races","Arizona","Both","All Ages","1999","2013","Homicide Firearm","2004","342","5652404","6.05"
"Both Sexes","All Races","Arkansas","Both","All Ages","1999","2013","Homicide Firearm","2004","141","2749686","5.13"
"Both Sexes","All Races","California","Both","All Ages","1999","2013","Homicide Firearm","2004","1808","35574576","5.08"
"Both Sexes","All Races","Colorado","Both","All Ages","1999","2013","Homicide Firearm","2004","131","4575013","2.86"
"Both Sexes","All Races","Connecticut","Both","All Ages","1999","2013","Homicide Firearm","2004","64","3496094","1.83"
"Both Sexes","All Races","Delaware","Both","All Ages","1999","2013","Homicide Firearm","2004","27","830803","3.25"
"Both Sexes","All Races","District of Columbia","Both","All Ages","1999","2013","Homicide Firearm","2004","137","567754","24.13"
"Both Sexes","All Races","Florida","Both","All Ages","1999","2013","Homicide Firearm","2004","647","17415318","3.72"
"Both Sexes","All Races","Georgia","Both","All Ages","1999","2013","Homicide Firearm","2004","419","8769252","4.78"
"Both Sexes","All Races","Hawaii","Both","All Ages","1999","2013","Homicide Firearm","2004","P","1273569","."
"Both Sexes","All Races","Idaho","Both","All Ages","1999","2013","Homicide Firearm","2004","16","1391802","1.15"
"Both Sexes","All Races","Illinois","Both","All Ages","1999","2013","Homicide Firearm","2004","573","12589773","4.55"
"Both Sexes","All Races","Indiana","Both","All Ages","1999","2013","Homicide Firearm","2004","224","6233007","3.59"
"Both Sexes","All Races","Iowa","Both","All Ages","1999","2013","Homicide Firearm","2004","30","2953635","1.02"
"Both Sexes","All Races","Kansas","Both","All Ages","1999","2013","Homicide Firearm","2004","85","2734373","3.11"
"Both Sexes","All Races","Kentucky","Both","All Ages","1999","2013","Homicide Firearm","2004","152","4146101","3.67"
"Both Sexes","All Races","Louisiana","Both","All Ages","1999","2013","Homicide Firearm","2004","480","4552238","10.54"
"Both Sexes","All Races","Maine","Both","All Ages","1999","2013","Homicide Firearm","2004","11","1313688","0.84"
"Both Sexes","All Races","Maryland","Both","All Ages","1999","2013","Homicide Firearm","2004","386","5546935","6.96"
"Both Sexes","All Races","Massachusetts","Both","All Ages","1999","2013","Homicide Firearm","2004","106","6412281","1.65"
"Both Sexes","All Races","Michigan","Both","All Ages","1999","2013","Homicide Firearm","2004","488","10055315","4.85"
"Both Sexes","All Races","Minnesota","Both","All Ages","1999","2013","Homicide Firearm","2004","85","5087713","1.67"
"Both Sexes","All Races","Mississippi","Both","All Ages","1999","2013","Homicide Firearm","2004","202","2889010","6.99"
"Both Sexes","All Races","Missouri","Both","All Ages","1999","2013","Homicide Firearm","2004","257","5747741","4.47"
"Both Sexes","All Races","Montana","Both","All Ages","1999","2013","Homicide Firearm","2004","12","930009","1.29"
"Both Sexes","All Races","Nebraska","Both","All Ages","1999","2013","Homicide Firearm","2004","24","1749370","1.37"
"Both Sexes","All Races","Nevada","Both","All Ages","1999","2013","Homicide Firearm","2004","123","2346222","5.24"
"Both Sexes","All Races","New Hampshire","Both","All Ages","1999","2013","Homicide Firearm","2004","11","1290121","0.85"
"Both Sexes","All Races","New Jersey","Both","All Ages","1999","2013","Homicide Firearm","2004","253","8634561","2.93"
"Both Sexes","All Races","New Mexico","Both","All Ages","1999","2013","Homicide Firearm","2004","81","1903808","4.25"
"Both Sexes","All Races","New York","Both","All Ages","1999","2013","Homicide Firearm","2004","516","19171567","2.69"
"Both Sexes","All Races","North Carolina","Both","All Ages","1999","2013","Homicide Firearm","2004","411","8553152","4.81"
"Both Sexes","All Races","North Dakota","Both","All Ages","1999","2013","Homicide Firearm","2004","P","644705","."
"Both Sexes","All Races","Ohio","Both","All Ages","1999","2013","Homicide Firearm","2004","340","11452251","2.97"
"Both Sexes","All Races","Oklahoma","Both","All Ages","1999","2013","Homicide Firearm","2004","124","3525233","3.52"
"Both Sexes","All Races","Oregon","Both","All Ages","1999","2013","Homicide Firearm","2004","65","3569463","1.82"
"Both Sexes","All Races","Pennsylvania","Both","All Ages","1999","2013","Homicide Firearm","2004","504","12410722","4.06"
"Both Sexes","All Races","Rhode Island","Both","All Ages","1999","2013","Homicide Firearm","2004","18","1074579","1.68"
"Both Sexes","All Races","South Carolina","Both","All Ages","1999","2013","Homicide Firearm","2004","220","4210921","5.22"
"Both Sexes","All Races","South Dakota","Both","All Ages","1999","2013","Homicide Firearm","2004","P","770396","."
"Both Sexes","All Races","Tennessee","Both","All Ages","1999","2013","Homicide Firearm","2004","286","5910809","4.84"
"Both Sexes","All Races","Texas","Both","All Ages","1999","2013","Homicide Firearm","2004","923","22394023","4.12"
"Both Sexes","All Races","Utah","Both","All Ages","1999","2013","Homicide Firearm","2004","30","2401580","1.25"
"Both Sexes","All Races","Vermont","Both","All Ages","1999","2013","Homicide Firearm","2004","P","619920","."
"Both Sexes","All Races","Virginia","Both","All Ages","1999","2013","Homicide Firearm","2004","295","7475575","3.95"
"Both Sexes","All Races","Washington","Both","All Ages","1999","2013","Homicide Firearm","2004","122","6178645","1.97"
"Both Sexes","All Races","West Virginia","Both","All Ages","1999","2013","Homicide Firearm","2004","52","1816438","2.86"
"Both Sexes","All Races","Wisconsin","Both","All Ages","1999","2013","Homicide Firearm","2004","93","5514026","1.69"
"Both Sexes","All Races","Wyoming","Both","All Ages","1999","2013","Homicide Firearm","2004","P","509106","."
"Both Sexes","All Races","","Both","All Ages","1999","2013","Homicide Firearm","2004","11624","292805298","3.97"
"Both Sexes","All Races","Alabama","Both","All Ages","1999","2013","Homicide Firearm","2005","319","4569805","6.98"
"Both Sexes","All Races","Alaska","Both","All Ages","1999","2013","Homicide Firearm","2005","24","666946","3.6"
"Both Sexes","All Races","Arizona","Both","All Ages","1999","2013","Homicide Firearm","2005","377","5839077","6.46"
"Both Sexes","All Races","Arkansas","Both","All Ages","1999","2013","Homicide Firearm","2005","154","2781097","5.54"
"Both Sexes","All Races","California","Both","All Ages","1999","2013","Homicide Firearm","2005","1878","35827943","5.24"
"Both Sexes","All Races","Colorado","Both","All Ages","1999","2013","Homicide Firearm","2005","115","4631888","2.48"
"Both Sexes","All Races","Connecticut","Both","All Ages","1999","2013","Homicide Firearm","2005","66","3506956","1.88"
"Both Sexes","All Races","Delaware","Both","All Ages","1999","2013","Homicide Firearm","2005","33","845150","3.9"
"Both Sexes","All Races","District of Columbia","Both","All Ages","1999","2013","Homicide Firearm","2005","142","567136","25.04"
"Both Sexes","All Races","Florida","Both","All Ages","1999","2013","Homicide Firearm","2005","631","17842038","3.54"
"Both Sexes","All Races","Georgia","Both","All Ages","1999","2013","Homicide Firearm","2005","439","8925922","4.92"
"Both Sexes","All Races","Hawaii","Both","All Ages","1999","2013","Homicide Firearm","2005","P","1292729","."
"Both Sexes","All Races","Idaho","Both","All Ages","1999","2013","Homicide Firearm","2005","28","1428241","1.96"
"Both Sexes","All Races","Illinois","Both","All Ages","1999","2013","Homicide Firearm","2005","569","12609903","4.51"
"Both Sexes","All Races","Indiana","Both","All Ages","1999","2013","Homicide Firearm","2005","257","6278616","4.09"
"Both Sexes","All Races","Iowa","Both","All Ages","1999","2013","Homicide Firearm","2005","23","2964454","0.78"
"Both Sexes","All Races","Kansas","Both","All Ages","1999","2013","Homicide Firearm","2005","61","2745299","2.22"
"Both Sexes","All Races","Kentucky","Both","All Ages","1999","2013","Homicide Firearm","2005","152","4182742","3.63"
"Both Sexes","All Races","Louisiana","Both","All Ages","1999","2013","Homicide Firearm","2005","457","4576628","9.99"
"Both Sexes","All Races","Maine","Both","All Ages","1999","2013","Homicide Firearm","2005","P","1318787","."
"Both Sexes","All Races","Maryland","Both","All Ages","1999","2013","Homicide Firearm","2005","422","5592379","7.55"
"Both Sexes","All Races","Massachusetts","Both","All Ages","1999","2013","Homicide Firearm","2005","108","6403290","1.69"
"Both Sexes","All Races","Michigan","Both","All Ages","1999","2013","Homicide Firearm","2005","491","10051137","4.89"
"Both Sexes","All Races","Minnesota","Both","All Ages","1999","2013","Homicide Firearm","2005","88","5119598","1.72"
"Both Sexes","All Races","Mississippi","Both","All Ages","1999","2013","Homicide Firearm","2005","175","2905943","6.02"
"Both Sexes","All Races","Missouri","Both","All Ages","1999","2013","Homicide Firearm","2005","293","5790300","5.06"
"Both Sexes","All Races","Montana","Both","All Ages","1999","2013","Homicide Firearm","2005","17","940102","1.81"
"Both Sexes","All Races","Nebraska","Both","All Ages","1999","2013","Homicide Firearm","2005","28","1761497","1.59"
"Both Sexes","All Races","Nevada","Both","All Ages","1999","2013","Homicide Firearm","2005","115","2432143","4.73"
"Both Sexes","All Races","New Hampshire","Both","All Ages","1999","2013","Homicide Firearm","2005","P","1298492","."
"Both Sexes","All Races","New Jersey","Both","All Ages","1999","2013","Homicide Firearm","2005","288","8651974","3.33"
"Both Sexes","All Races","New Mexico","Both","All Ages","1999","2013","Homicide Firearm","2005","77","1932274","3.98"
"Both Sexes","All Races","New York","Both","All Ages","1999","2013","Homicide Firearm","2005","515","19132610","2.69"
"Both Sexes","All Races","North Carolina","Both","All Ages","1999","2013","Homicide Firearm","2005","451","8705407","5.18"
"Both Sexes","All Races","North Dakota","Both","All Ages","1999","2013","Homicide Firearm","2005","P","646089","."
"Both Sexes","All Races","Ohio","Both","All Ages","1999","2013","Homicide Firearm","2005","408","11463320","3.56"
"Both Sexes","All Races","Oklahoma","Both","All Ages","1999","2013","Homicide Firearm","2005","136","3548597","3.83"
"Both Sexes","All Races","Oregon","Both","All Ages","1999","2013","Homicide Firearm","2005","54","3613202","1.49"
"Both Sexes","All Races","Pennsylvania","Both","All Ages","1999","2013","Homicide Firearm","2005","535","12449990","4.3"
"Both Sexes","All Races","Rhode Island","Both","All Ages","1999","2013","Homicide Firearm","2005","19","1067916","1.78"
"Both Sexes","All Races","South Carolina","Both","All Ages","1999","2013","Homicide Firearm","2005","235","4270150","5.5"
"Both Sexes","All Races","South Dakota","Both","All Ages","1999","2013","Homicide Firearm","2005","P","775493","."
"Both Sexes","All Races","Tennessee","Both","All Ages","1999","2013","Homicide Firearm","2005","371","5991057","6.19"
"Both Sexes","All Races","Texas","Both","All Ages","1999","2013","Homicide Firearm","2005","1009","22778123","4.43"
"Both Sexes","All Races","Utah","Both","All Ages","1999","2013","Homicide Firearm","2005","33","2457719","1.34"
"Both Sexes","All Races","Vermont","Both","All Ages","1999","2013","Homicide Firearm","2005","P","621215","."
"Both Sexes","All Races","Virginia","Both","All Ages","1999","2013","Homicide Firearm","2005","353","7577105","4.66"
"Both Sexes","All Races","Washington","Both","All Ages","1999","2013","Homicide Firearm","2005","141","6257305","2.25"
"Both Sexes","All Races","West Virginia","Both","All Ages","1999","2013","Homicide Firearm","2005","57","1820492","3.13"
"Both Sexes","All Races","Wisconsin","Both","All Ages","1999","2013","Homicide Firearm","2005","159","5546166","2.87"
"Both Sexes","All Races","Wyoming","Both","All Ages","1999","2013","Homicide Firearm","2005","11","514157","2.14"
"Both Sexes","All Races","","Both","All Ages","1999","2013","Homicide Firearm","2005","12352","295516599","4.18"
"Both Sexes","All Races","Alabama","Both","All Ages","1999","2013","Homicide Firearm","2006","333","4628981","7.19"
"Both Sexes","All Races","Alaska","Both","All Ages","1999","2013","Homicide Firearm","2006","28","675302","4.15"
"Both Sexes","All Races","Arizona","Both","All Ages","1999","2013","Homicide Firearm","2006","387","6029141","6.42"
"Both Sexes","All Races","Arkansas","Both","All Ages","1999","2013","Homicide Firearm","2006","155","2821761","5.49"
"Both Sexes","All Races","California","Both","All Ages","1999","2013","Homicide Firearm","2006","1883","36021202","5.23"
"Both Sexes","All Races","Colorado","Both","All Ages","1999","2013","Homicide Firearm","2006","104","4720423","2.2"
"Both Sexes","All Races","Connecticut","Both","All Ages","1999","2013","Homicide Firearm","2006","92","3517460","2.62"
"Both Sexes","All Races","Delaware","Both","All Ages","1999","2013","Homicide Firearm","2006","34","859268","3.96"
"Both Sexes","All Races","District of Columbia","Both","All Ages","1999","2013","Homicide Firearm","2006","120","570681","21.03"
"Both Sexes","All Races","Florida","Both","All Ages","1999","2013","Homicide Firearm","2006","803","18166990","4.42"
"Both Sexes","All Races","Georgia","Both","All Ages","1999","2013","Homicide Firearm","2006","495","9155813","5.41"
"Both Sexes","All Races","Hawaii","Both","All Ages","1999","2013","Homicide Firearm","2006","P","1309731","."
"Both Sexes","All Races","Idaho","Both","All Ages","1999","2013","Homicide Firearm","2006","24","1468669","1.63"
"Both Sexes","All Races","Illinois","Both","All Ages","1999","2013","Homicide Firearm","2006","625","12643955","4.94"
"Both Sexes","All Races","Indiana","Both","All Ages","1999","2013","Homicide Firearm","2006","264","6332669","4.17"
"Both Sexes","All Races","Iowa","Both","All Ages","1999","2013","Homicide Firearm","2006","38","2982644","1.27"
"Both Sexes","All Races","Kansas","Both","All Ages","1999","2013","Homicide Firearm","2006","73","2762931","2.64"
"Both Sexes","All Races","Kentucky","Both","All Ages","1999","2013","Homicide Firearm","2006","111","4219239","2.63"
"Both Sexes","All Races","Louisiana","Both","All Ages","1999","2013","Homicide Firearm","2006","443","4302665","10.3"
"Both Sexes","All Races","Maine","Both","All Ages","1999","2013","Homicide Firearm","2006","15","1323619","1.13"
"Both Sexes","All Races","Maryland","Both","All Ages","1999","2013","Homicide Firearm","2006","416","5627367","7.39"
"Both Sexes","All Races","Massachusetts","Both","All Ages","1999","2013","Homicide Firearm","2006","105","6410084","1.64"
"Both Sexes","All Races","Michigan","Both","All Ages","1999","2013","Homicide Firearm","2006","536","10036081","5.34"
"Both Sexes","All Races","Minnesota","Both","All Ages","1999","2013","Homicide Firearm","2006","78","5163555","1.51"
"Both Sexes","All Races","Mississippi","Both","All Ages","1999","2013","Homicide Firearm","2006","222","2904978","7.64"
"Both Sexes","All Races","Missouri","Both","All Ages","1999","2013","Homicide Firearm","2006","295","5842704","5.05"
"Both Sexes","All Races","Montana","Both","All Ages","1999","2013","Homicide Firearm","2006","11","952692","1.15"
"Both Sexes","All Races","Nebraska","Both","All Ages","1999","2013","Homicide Firearm","2006","31","1772693","1.75"
"Both Sexes","All Races","Nevada","Both","All Ages","1999","2013","Homicide Firearm","2006","131","2522658","5.19"
"Both Sexes","All Races","New Hampshire","Both","All Ages","1999","2013","Homicide Firearm","2006","12","1308389","0.92"
"Both Sexes","All Races","New Jersey","Both","All Ages","1999","2013","Homicide Firearm","2006","301","8661679","3.48"
"Both Sexes","All Races","New Mexico","Both","All Ages","1999","2013","Homicide Firearm","2006","73","1962137","3.72"
"Both Sexes","All Races","New York","Both","All Ages","1999","2013","Homicide Firearm","2006","570","19104631","2.98"
"Both Sexes","All Races","North Carolina","Both","All Ages","1999","2013","Homicide Firearm","2006","439","8917270","4.92"
"Both Sexes","All Races","North Dakota","Both","All Ages","1999","2013","Homicide Firearm","2006","P","649422","."
"Both Sexes","All Races","Ohio","Both","All Ages","1999","2013","Homicide Firearm","2006","451","11481213","3.93"
"Both Sexes","All Races","Oklahoma","Both","All Ages","1999","2013","Homicide Firearm","2006","152","3594090","4.23"
"Both Sexes","All Races","Oregon","Both","All Ages","1999","2013","Homicide Firearm","2006","63","3670883","1.72"
"Both Sexes","All Races","Pennsylvania","Both","All Ages","1999","2013","Homicide Firearm","2006","593","12510809","4.74"
"Both Sexes","All Races","Rhode Island","Both","All Ages","1999","2013","Homicide Firearm","2006","19","1063096","1.79"
"Both Sexes","All Races","South Carolina","Both","All Ages","1999","2013","Homicide Firearm","2006","274","4357847","6.29"
"Both Sexes","All Races","South Dakota","Both","All Ages","1999","2013","Homicide Firearm","2006","P","783033","."
"Both Sexes","All Races","Tennessee","Both","All Ages","1999","2013","Homicide Firearm","2006","330","6088766","5.42"
"Both Sexes","All Races","Texas","Both","All Ages","1999","2013","Homicide Firearm","2006","1033","23359580","4.42"
"Both Sexes","All Races","Utah","Both","All Ages","1999","2013","Homicide Firearm","2006","29","2525507","1.15"
"Both Sexes","All Races","Vermont","Both","All Ages","1999","2013","Homicide Firearm","2006","P","622892","."
"Both Sexes","All Races","Virginia","Both","All Ages","1999","2013","Homicide Firearm","2006","284","7673725","3.7"
"Both Sexes","All Races","Washington","Both","All Ages","1999","2013","Homicide Firearm","2006","123","6370753","1.93"
"Both Sexes","All Races","West Virginia","Both","All Ages","1999","2013","Homicide Firearm","2006","57","1827912","3.12"
"Both Sexes","All Races","Wisconsin","Both","All Ages","1999","2013","Homicide Firearm","2006","110","5577655","1.97"
"Both Sexes","All Races","Wyoming","Both","All Ages","1999","2013","Homicide Firearm","2006","P","522667","."
"Both Sexes","All Races","","Both","All Ages","1999","2013","Homicide Firearm","2006","12791","298379912","4.29"
"Both Sexes","All Races","Alabama","Both","All Ages","1999","2013","Homicide Firearm","2007","378","4672840","8.09"
"Both Sexes","All Races","Alaska","Both","All Ages","1999","2013","Homicide Firearm","2007","25","680300","3.67"
"Both Sexes","All Races","Arizona","Both","All Ages","1999","2013","Homicide Firearm","2007","354","6167681","5.74"
"Both Sexes","All Races","Arkansas","Both","All Ages","1999","2013","Homicide Firearm","2007","153","2848650","5.37"
"Both Sexes","All Races","California","Both","All Ages","1999","2013","Homicide Firearm","2007","1701","36250311","4.69"
"Both Sexes","All Races","Colorado","Both","All Ages","1999","2013","Homicide Firearm","2007","91","4803868","1.89"
"Both Sexes","All Races","Connecticut","Both","All Ages","1999","2013","Homicide Firearm","2007","67","3527270","1.9"
"Both Sexes","All Races","Delaware","Both","All Ages","1999","2013","Homicide Firearm","2007","30","871749","3.44"
"Both Sexes","All Races","District of Columbia","Both","All Ages","1999","2013","Homicide Firearm","2007","129","574404","22.46"
"Both Sexes","All Races","Florida","Both","All Ages","1999","2013","Homicide Firearm","2007","935","18367842","5.09"
"Both Sexes","All Races","Georgia","Both","All Ages","1999","2013","Homicide Firearm","2007","557","9349988","5.96"
"Both Sexes","All Races","Hawaii","Both","All Ages","1999","2013","Homicide Firearm","2007","P","1315675","."
"Both Sexes","All Races","Idaho","Both","All Ages","1999","2013","Homicide Firearm","2007","29","1505105","1.93"
"Both Sexes","All Races","Illinois","Both","All Ages","1999","2013","Homicide Firearm","2007","575","12695866","4.53"
"Both Sexes","All Races","Indiana","Both","All Ages","1999","2013","Homicide Firearm","2007","251","6379599","3.93"
"Both Sexes","All Races","Iowa","Both","All Ages","1999","2013","Homicide Firearm","2007","18","2999212","0.6"
"Both Sexes","All Races","Kansas","Both","All Ages","1999","2013","Homicide Firearm","2007","71","2783785","2.55"
"Both Sexes","All Races","Kentucky","Both","All Ages","1999","2013","Homicide Firearm","2007","152","4256672","3.57"
"Both Sexes","All Races","Louisiana","Both","All Ages","1999","2013","Homicide Firearm","2007","488","4375581","11.15"
"Both Sexes","All Races","Maine","Both","All Ages","1999","2013","Homicide Firearm","2007","15","1327040","1.13"
"Both Sexes","All Races","Maryland","Both","All Ages","1999","2013","Homicide Firearm","2007","424","5653408","7.5"
"Both Sexes","All Races","Massachusetts","Both","All Ages","1999","2013","Homicide Firearm","2007","115","6431559","1.79"
"Both Sexes","All Races","Michigan","Both","All Ages","1999","2013","Homicide Firearm","2007","506","10001284","5.06"
"Both Sexes","All Races","Minnesota","Both","All Ages","1999","2013","Homicide Firearm","2007","70","5207203","1.34"
"Both Sexes","All Races","Mississippi","Both","All Ages","1999","2013","Homicide Firearm","2007","219","2928350","7.48"
"Both Sexes","All Races","Missouri","Both","All Ages","1999","2013","Homicide Firearm","2007","265","5887612","4.5"
"Both Sexes","All Races","Montana","Both","All Ages","1999","2013","Homicide Firearm","2007","15","964706","1.55"
"Both Sexes","All Races","Nebraska","Both","All Ages","1999","2013","Homicide Firearm","2007","43","1783440","2.41"
"Both Sexes","All Races","Nevada","Both","All Ages","1999","2013","Homicide Firearm","2007","131","2601072","5.04"
"Both Sexes","All Races","New Hampshire","Both","All Ages","1999","2013","Homicide Firearm","2007","P","1312540","."
"Both Sexes","All Races","New Jersey","Both","All Ages","1999","2013","Homicide Firearm","2007","276","8677885","3.18"
"Both Sexes","All Races","New Mexico","Both","All Ages","1999","2013","Homicide Firearm","2007","78","1990070","3.92"
"Both Sexes","All Races","New York","Both","All Ages","1999","2013","Homicide Firearm","2007","522","19132335","2.73"
"Both Sexes","All Races","North Carolina","Both","All Ages","1999","2013","Homicide Firearm","2007","458","9118037","5.02"
"Both Sexes","All Races","North Dakota","Both","All Ages","1999","2013","Homicide Firearm","2007","P","652822","."
"Both Sexes","All Races","Ohio","Both","All Ages","1999","2013","Homicide Firearm","2007","413","11500468","3.59"
"Both Sexes","All Races","Oklahoma","Both","All Ages","1999","2013","Homicide Firearm","2007","151","3634349","4.15"
"Both Sexes","All Races","Oregon","Both","All Ages","1999","2013","Homicide Firearm","2007","43","3722417","1.16"
"Both Sexes","All Races","Pennsylvania","Both","All Ages","1999","2013","Homicide Firearm","2007","554","12563937","4.41"
"Both Sexes","All Races","Rhode Island","Both","All Ages","1999","2013","Homicide Firearm","2007","13","1057315","1.23"
"Both Sexes","All Races","South Carolina","Both","All Ages","1999","2013","Homicide Firearm","2007","255","4444110","5.74"
"Both Sexes","All Races","South Dakota","Both","All Ages","1999","2013","Homicide Firearm","2007","P","791623","."
"Both Sexes","All Races","Tennessee","Both","All Ages","1999","2013","Homicide Firearm","2007","343","6175727","5.55"
"Both Sexes","All Races","Texas","Both","All Ages","1999","2013","Homicide Firearm","2007","1029","23831983","4.32"
"Both Sexes","All Races","Utah","Both","All Ages","1999","2013","Homicide Firearm","2007","40","2597746","1.54"
"Both Sexes","All Races","Vermont","Both","All Ages","1999","2013","Homicide Firearm","2007","P","623481","."
"Both Sexes","All Races","Virginia","Both","All Ages","1999","2013","Homicide Firearm","2007","308","7751000","3.97"
"Both Sexes","All Races","Washington","Both","All Ages","1999","2013","Homicide Firearm","2007","124","6461587","1.92"
"Both Sexes","All Races","West Virginia","Both","All Ages","1999","2013","Homicide Firearm","2007","46","1834052","2.51"
"Both Sexes","All Races","Wisconsin","Both","All Ages","1999","2013","Homicide Firearm","2007","132","5610775","2.35"
"Both Sexes","All Races","Wyoming","Both","All Ages","1999","2013","Homicide Firearm","2007","P","534876","."
"Both Sexes","All Races","","Both","All Ages","1999","2013","Homicide Firearm","2007","12632","301231207","4.19"
"Both Sexes","All Races","Alabama","Both","All Ages","1999","2013","Homicide Firearm","2008","349","4718206","7.4"
"Both Sexes","All Races","Alaska","Both","All Ages","1999","2013","Homicide Firearm","2008","15","687455","2.18"
"Both Sexes","All Races","Arizona","Both","All Ages","1999","2013","Homicide Firearm","2008","333","6280362","5.3"
"Both Sexes","All Races","Arkansas","Both","All Ages","1999","2013","Homicide Firearm","2008","145","2874554","5.04"
"Both Sexes","All Races","California","Both","All Ages","1999","2013","Homicide Firearm","2008","1569","36604337","4.29"
"Both Sexes","All Races","Colorado","Both","All Ages","1999","2013","Homicide Firearm","2008","109","4889730","2.23"
"Both Sexes","All Races","Connecticut","Both","All Ages","1999","2013","Homicide Firearm","2008","87","3545579","2.45"
"Both Sexes","All Races","Delaware","Both","All Ages","1999","2013","Homicide Firearm","2008","54","883874","6.11"
"Both Sexes","All Races","District of Columbia","Both","All Ages","1999","2013","Homicide Firearm","2008","122","580236","21.03"
"Both Sexes","All Races","Florida","Both","All Ages","1999","2013","Homicide Firearm","2008","886","18527305","4.78"
"Both Sexes","All Races","Georgia","Both","All Ages","1999","2013","Homicide Firearm","2008","515","9504843","5.42"
"Both Sexes","All Races","Hawaii","Both","All Ages","1999","2013","Homicide Firearm","2008","11","1332213","0.83"
"Both Sexes","All Races","Idaho","Both","All Ages","1999","2013","Homicide Firearm","2008","13","1534320","0.85"
"Both Sexes","All Races","Illinois","Both","All Ages","1999","2013","Homicide Firearm","2008","631","12747038","4.95"
"Both Sexes","All Races","Indiana","Both","All Ages","1999","2013","Homicide Firearm","2008","235","6424806","3.66"
"Both Sexes","All Races","Iowa","Both","All Ages","1999","2013","Homicide Firearm","2008","34","3016734","1.13"
"Both Sexes","All Races","Kansas","Both","All Ages","1999","2013","Homicide Firearm","2008","77","2808076","2.74"
"Both Sexes","All Races","Kentucky","Both","All Ages","1999","2013","Homicide Firearm","2008","160","4289878","3.73"
"Both Sexes","All Races","Louisiana","Both","All Ages","1999","2013","Homicide Firearm","2008","430","4435586","9.69"
"Both Sexes","All Races","Maine","Both","All Ages","1999","2013","Homicide Firearm","2008","12","1330509","0.9"
"Both Sexes","All Races","Maryland","Both","All Ages","1999","2013","Homicide Firearm","2008","379","5684965","6.67"
"Both Sexes","All Races","Massachusetts","Both","All Ages","1999","2013","Homicide Firearm","2008","98","6468967","1.51"
"Both Sexes","All Races","Michigan","Both","All Ages","1999","2013","Homicide Firearm","2008","489","9946889","4.92"
"Both Sexes","All Races","Minnesota","Both","All Ages","1999","2013","Homicide Firearm","2008","71","5247018","1.35"
"Both Sexes","All Races","Mississippi","Both","All Ages","1999","2013","Homicide Firearm","2008","245","2947806","8.31"
"Both Sexes","All Races","Missouri","Both","All Ages","1999","2013","Homicide Firearm","2008","360","5923916","6.08"
"Both Sexes","All Races","Montana","Both","All Ages","1999","2013","Homicide Firearm","2008","16","976415","1.64"
"Both Sexes","All Races","Nebraska","Both","All Ages","1999","2013","Homicide Firearm","2008","49","1796378","2.73"
"Both Sexes","All Races","Nevada","Both","All Ages","1999","2013","Homicide Firearm","2008","100","2653630","3.77"
"Both Sexes","All Races","New Hampshire","Both","All Ages","1999","2013","Homicide Firearm","2008","P","1315906","."
"Both Sexes","All Races","New Jersey","Both","All Ages","1999","2013","Homicide Firearm","2008","244","8711090","2.8"
"Both Sexes","All Races","New Mexico","Both","All Ages","1999","2013","Homicide Firearm","2008","86","2010662","4.28"
"Both Sexes","All Races","New York","Both","All Ages","1999","2013","Homicide Firearm","2008","508","19212436","2.64"
"Both Sexes","All Races","North Carolina","Both","All Ages","1999","2013","Homicide Firearm","2008","467","9309449","5.02"
"Both Sexes","All Races","North Dakota","Both","All Ages","1999","2013","Homicide Firearm","2008","P","657569","."
"Both Sexes","All Races","Ohio","Both","All Ages","1999","2013","Homicide Firearm","2008","402","11515391","3.49"
"Both Sexes","All Races","Oklahoma","Both","All Ages","1999","2013","Homicide Firearm","2008","147","3668976","4.01"
"Both Sexes","All Races","Oregon","Both","All Ages","1999","2013","Homicide Firearm","2008","49","3768748","1.3"
"Both Sexes","All Races","Pennsylvania","Both","All Ages","1999","2013","Homicide Firearm","2008","524","12612285","4.15"
"Both Sexes","All Races","Rhode Island","Both","All Ages","1999","2013","Homicide Firearm","2008","19","1055003","1.8"
"Both Sexes","All Races","South Carolina","Both","All Ages","1999","2013","Homicide Firearm","2008","249","4528996","5.5"
"Both Sexes","All Races","South Dakota","Both","All Ages","1999","2013","Homicide Firearm","2008","10","799124","1.25"
"Both Sexes","All Races","Tennessee","Both","All Ages","1999","2013","Homicide Firearm","2008","336","6247411","5.38"
"Both Sexes","All Races","Texas","Both","All Ages","1999","2013","Homicide Firearm","2008","1006","24309039","4.14"
"Both Sexes","All Races","Utah","Both","All Ages","1999","2013","Homicide Firearm","2008","24","2663029","0.9"
"Both Sexes","All Races","Vermont","Both","All Ages","1999","2013","Homicide Firearm","2008","P","624151","."
"Both Sexes","All Races","Virginia","Both","All Ages","1999","2013","Homicide Firearm","2008","251","7833496","3.2"
"Both Sexes","All Races","Washington","Both","All Ages","1999","2013","Homicide Firearm","2008","127","6562231","1.94"
"Both Sexes","All Races","West Virginia","Both","All Ages","1999","2013","Homicide Firearm","2008","37","1840310","2.01"
"Both Sexes","All Races","Wisconsin","Both","All Ages","1999","2013","Homicide Firearm","2008","81","5640996","1.44"
"Both Sexes","All Races","Wyoming","Both","All Ages","1999","2013","Homicide Firearm","2008","P","546043","."
"Both Sexes","All Races","","Both","All Ages","1999","2013","Homicide Firearm","2008","12179","304093966","4.01"
"Both Sexes","All Races","Alabama","Both","All Ages","1999","2013","Homicide Firearm","2009","317","4757938","6.66"
"Both Sexes","All Races","Alaska","Both","All Ages","1999","2013","Homicide Firearm","2009","17","698895","2.43"
"Both Sexes","All Races","Arizona","Both","All Ages","1999","2013","Homicide Firearm","2009","228","6343154","3.59"
"Both Sexes","All Races","Arkansas","Both","All Ages","1999","2013","Homicide Firearm","2009","157","2896843","5.42"
"Both Sexes","All Races","California","Both","All Ages","1999","2013","Homicide Firearm","2009","1460","36961229","3.95"
"Both Sexes","All Races","Colorado","Both","All Ages","1999","2013","Homicide Firearm","2009","108","4972195","2.17"
"Both Sexes","All Races","Connecticut","Both","All Ages","1999","2013","Homicide Firearm","2009","78","3561807","2.19"
"Both Sexes","All Races","Delaware","Both","All Ages","1999","2013","Homicide Firearm","2009","36","891730","4.04"
"Both Sexes","All Races","District of Columbia","Both","All Ages","1999","2013","Homicide Firearm","2009","104","592228","17.56"
"Both Sexes","All Races","Florida","Both","All Ages","1999","2013","Homicide Firearm","2009","804","18652644","4.31"
"Both Sexes","All Races","Georgia","Both","All Ages","1999","2013","Homicide Firearm","2009","456","9620846","4.74"
"Both Sexes","All Races","Hawaii","Both","All Ages","1999","2013","Homicide Firearm","2009","10","1346717","0.74"
"Both Sexes","All Races","Idaho","Both","All Ages","1999","2013","Homicide Firearm","2009","10","1554439","0.64"
"Both Sexes","All Races","Illinois","Both","All Ages","1999","2013","Homicide Firearm","2009","628","12796778","4.91"
"Both Sexes","All Races","Indiana","Both","All Ages","1999","2013","Homicide Firearm","2009","245","6459325","3.79"
"Both Sexes","All Races","Iowa","Both","All Ages","1999","2013","Homicide Firearm","2009","19","3032870","0.63"
"Both Sexes","All Races","Kansas","Both","All Ages","1999","2013","Homicide Firearm","2009","92","2832704","3.25"
"Both Sexes","All Races","Kentucky","Both","All Ages","1999","2013","Homicide Firearm","2009","133","4317074","3.08"
"Both Sexes","All Races","Louisiana","Both","All Ages","1999","2013","Homicide Firearm","2009","449","4491648","10"
"Both Sexes","All Races","Maine","Both","All Ages","1999","2013","Homicide Firearm","2009","15","1329590","1.13"
"Both Sexes","All Races","Maryland","Both","All Ages","1999","2013","Homicide Firearm","2009","316","5730388","5.51"
"Both Sexes","All Races","Massachusetts","Both","All Ages","1999","2013","Homicide Firearm","2009","110","6517613","1.69"
"Both Sexes","All Races","Michigan","Both","All Ages","1999","2013","Homicide Firearm","2009","495","9901591","5"
"Both Sexes","All Races","Minnesota","Both","All Ages","1999","2013","Homicide Firearm","2009","46","5281203","0.87"
"Both Sexes","All Races","Mississippi","Both","All Ages","1999","2013","Homicide Firearm","2009","197","2958774","6.66"
"Both Sexes","All Races","Missouri","Both","All Ages","1999","2013","Homicide Firearm","2009","319","5961088","5.35"
"Both Sexes","All Races","Montana","Both","All Ages","1999","2013","Homicide Firearm","2009","21","983982","2.13"
"Both Sexes","All Races","Nebraska","Both","All Ages","1999","2013","Homicide Firearm","2009","31","1812683","1.71"
"Both Sexes","All Races","Nevada","Both","All Ages","1999","2013","Homicide Firearm","2009","97","2684665","3.61"
"Both Sexes","All Races","New Hampshire","Both","All Ages","1999","2013","Homicide Firearm","2009","P","1316102","."
"Both Sexes","All Races","New Jersey","Both","All Ages","1999","2013","Homicide Firearm","2009","229","8755602","2.62"
"Both Sexes","All Races","New Mexico","Both","All Ages","1999","2013","Homicide Firearm","2009","92","2036802","4.52"
"Both Sexes","All Races","New York","Both","All Ages","1999","2013","Homicide Firearm","2009","505","19307066","2.62"
"Both Sexes","All Races","North Carolina","Both","All Ages","1999","2013","Homicide Firearm","2009","407","9449566","4.31"
"Both Sexes","All Races","North Dakota","Both","All Ages","1999","2013","Homicide Firearm","2009","P","664968","."
"Both Sexes","All Races","Ohio","Both","All Ages","1999","2013","Homicide Firearm","2009","366","11528896","3.17"
"Both Sexes","All Races","Oklahoma","Both","All Ages","1999","2013","Homicide Firearm","2009","148","3717572","3.98"
"Both Sexes","All Races","Oregon","Both","All Ages","1999","2013","Homicide Firearm","2009","55","3808600","1.44"
"Both Sexes","All Races","Pennsylvania","Both","All Ages","1999","2013","Homicide Firearm","2009","483","12666858","3.81"
"Both Sexes","All Races","Rhode Island","Both","All Ages","1999","2013","Homicide Firearm","2009","14","1053646","1.33"
"Both Sexes","All Races","South Carolina","Both","All Ages","1999","2013","Homicide Firearm","2009","235","4589872","5.12"
"Both Sexes","All Races","South Dakota","Both","All Ages","1999","2013","Homicide Firearm","2009","10","807067","1.24"
"Both Sexes","All Races","Tennessee","Both","All Ages","1999","2013","Homicide Firearm","2009","347","6306019","5.5"
"Both Sexes","All Races","Texas","Both","All Ages","1999","2013","Homicide Firearm","2009","1003","24801761","4.04"
"Both Sexes","All Races","Utah","Both","All Ages","1999","2013","Homicide Firearm","2009","30","2723421","1.1"
"Both Sexes","All Races","Vermont","Both","All Ages","1999","2013","Homicide Firearm","2009","P","624817","."
"Both Sexes","All Races","Virginia","Both","All Ages","1999","2013","Homicide Firearm","2009","272","7925937","3.43"
"Both Sexes","All Races","Washington","Both","All Ages","1999","2013","Homicide Firearm","2009","118","6667426","1.77"
"Both Sexes","All Races","West Virginia","Both","All Ages","1999","2013","Homicide Firearm","2009","57","1847775","3.08"
"Both Sexes","All Races","Wisconsin","Both","All Ages","1999","2013","Homicide Firearm","2009","103","5669264","1.82"
"Both Sexes","All Races","Wyoming","Both","All Ages","1999","2013","Homicide Firearm","2009","10","559851","1.79"
"Both Sexes","All Races","","Both","All Ages","1999","2013","Homicide Firearm","2009","11493","306771529","3.75"
"Both Sexes","All Races","Alabama","Both","All Ages","1999","2013","Homicide Firearm","2010","283","4779736","5.92"
"Both Sexes","All Races","Alaska","Both","All Ages","1999","2013","Homicide Firearm","2010","30","710231","4.22"
"Both Sexes","All Races","Arizona","Both","All Ages","1999","2013","Homicide Firearm","2010","271","6392017","4.24"
"Both Sexes","All Races","Arkansas","Both","All Ages","1999","2013","Homicide Firearm","2010","132","2915918","4.53"
"Both Sexes","All Races","California","Both","All Ages","1999","2013","Homicide Firearm","2010","1342","37253956","3.6"
"Both Sexes","All Races","Colorado","Both","All Ages","1999","2013","Homicide Firearm","2010","97","5029196","1.93"
"Both Sexes","All Races","Connecticut","Both","All Ages","1999","2013","Homicide Firearm","2010","98","3574097","2.74"
"Both Sexes","All Races","Delaware","Both","All Ages","1999","2013","Homicide Firearm","2010","45","897934","5.01"
"Both Sexes","All Races","District of Columbia","Both","All Ages","1999","2013","Homicide Firearm","2010","84","601723","13.96"
"Both Sexes","All Races","Florida","Both","All Ages","1999","2013","Homicide Firearm","2010","767","18801310","4.08"
"Both Sexes","All Races","Georgia","Both","All Ages","1999","2013","Homicide Firearm","2010","443","9687653","4.57"
"Both Sexes","All Races","Hawaii","Both","All Ages","1999","2013","Homicide Firearm","2010","P","1360301","."
"Both Sexes","All Races","Idaho","Both","All Ages","1999","2013","Homicide Firearm","2010","12","1567582","0.77"
"Both Sexes","All Races","Illinois","Both","All Ages","1999","2013","Homicide Firearm","2010","577","12830632","4.5"
"Both Sexes","All Races","Indiana","Both","All Ages","1999","2013","Homicide Firearm","2010","223","6483802","3.44"
"Both Sexes","All Races","Iowa","Both","All Ages","1999","2013","Homicide Firearm","2010","34","3046355","1.12"
"Both Sexes","All Races","Kansas","Both","All Ages","1999","2013","Homicide Firearm","2010","68","2853118","2.38"
"Both Sexes","All Races","Kentucky","Both","All Ages","1999","2013","Homicide Firearm","2010","125","4339367","2.88"
"Both Sexes","All Races","Louisiana","Both","All Ages","1999","2013","Homicide Firearm","2010","432","4533372","9.53"
"Both Sexes","All Races","Maine","Both","All Ages","1999","2013","Homicide Firearm","2010","13","1328361","0.98"
"Both Sexes","All Races","Maryland","Both","All Ages","1999","2013","Homicide Firearm","2010","306","5773552","5.3"
"Both Sexes","All Races","Massachusetts","Both","All Ages","1999","2013","Homicide Firearm","2010","126","6547629","1.92"
"Both Sexes","All Races","Michigan","Both","All Ages","1999","2013","Homicide Firearm","2010","440","9883640","4.45"
"Both Sexes","All Races","Minnesota","Both","All Ages","1999","2013","Homicide Firearm","2010","65","5303925","1.23"
"Both Sexes","All Races","Mississippi","Both","All Ages","1999","2013","Homicide Firearm","2010","205","2967297","6.91"
"Both Sexes","All Races","Missouri","Both","All Ages","1999","2013","Homicide Firearm","2010","335","5988927","5.59"
"Both Sexes","All Races","Montana","Both","All Ages","1999","2013","Homicide Firearm","2010","17","989415","1.72"
"Both Sexes","All Races","Nebraska","Both","All Ages","1999","2013","Homicide Firearm","2010","41","1826341","2.24"
"Both Sexes","All Races","Nevada","Both","All Ages","1999","2013","Homicide Firearm","2010","90","2700551","3.33"
"Both Sexes","All Races","New Hampshire","Both","All Ages","1999","2013","Homicide Firearm","2010","P","1316470","."
"Both Sexes","All Races","New Jersey","Both","All Ages","1999","2013","Homicide Firearm","2010","260","8791894","2.96"
"Both Sexes","All Races","New Mexico","Both","All Ages","1999","2013","Homicide Firearm","2010","76","2059179","3.69"
"Both Sexes","All Races","New York","Both","All Ages","1999","2013","Homicide Firearm","2010","527","19378102","2.72"
"Both Sexes","All Races","North Carolina","Both","All Ages","1999","2013","Homicide Firearm","2010","376","9535483","3.94"
"Both Sexes","All Races","North Dakota","Both","All Ages","1999","2013","Homicide Firearm","2010","P","672591","."
"Both Sexes","All Races","Ohio","Both","All Ages","1999","2013","Homicide Firearm","2010","396","11536504","3.43"
"Both Sexes","All Races","Oklahoma","Both","All Ages","1999","2013","Homicide Firearm","2010","131","3751351","3.49"
"Both Sexes","All Races","Oregon","Both","All Ages","1999","2013","Homicide Firearm","2010","60","3831074","1.57"
"Both Sexes","All Races","Pennsylvania","Both","All Ages","1999","2013","Homicide Firearm","2010","501","12702379","3.94"
"Both Sexes","All Races","Rhode Island","Both","All Ages","1999","2013","Homicide Firearm","2010","17","1052567","1.62"
"Both Sexes","All Races","South Carolina","Both","All Ages","1999","2013","Homicide Firearm","2010","229","4625364","4.95"
"Both Sexes","All Races","South Dakota","Both","All Ages","1999","2013","Homicide Firearm","2010","P","814180","."
"Both Sexes","All Races","Tennessee","Both","All Ages","1999","2013","Homicide Firearm","2010","293","6346105","4.62"
"Both Sexes","All Races","Texas","Both","All Ages","1999","2013","Homicide Firearm","2010","913","25145561","3.63"
"Both Sexes","All Races","Utah","Both","All Ages","1999","2013","Homicide Firearm","2010","27","2763885","0.98"
"Both Sexes","All Races","Vermont","Both","All Ages","1999","2013","Homicide Firearm","2010","P","625741","."
"Both Sexes","All Races","Virginia","Both","All Ages","1999","2013","Homicide Firearm","2010","271","8001024","3.39"
"Both Sexes","All Races","Washington","Both","All Ages","1999","2013","Homicide Firearm","2010","114","6724540","1.7"
"Both Sexes","All Races","West Virginia","Both","All Ages","1999","2013","Homicide Firearm","2010","47","1852994","2.54"
"Both Sexes","All Races","Wisconsin","Both","All Ages","1999","2013","Homicide Firearm","2010","106","5686986","1.86"
"Both Sexes","All Races","Wyoming","Both","All Ages","1999","2013","Homicide Firearm","2010","P","563626","."
"Both Sexes","All Races","","Both","All Ages","1999","2013","Homicide Firearm","2010","11078","308745538","3.59"
"Both Sexes","All Races","Alabama","Both","All Ages","1999","2013","Homicide Firearm","2011","292","4801627","6.08"
"Both Sexes","All Races","Alaska","Both","All Ages","1999","2013","Homicide Firearm","2011","19","723375","2.63"
"Both Sexes","All Races","Arizona","Both","All Ages","1999","2013","Homicide Firearm","2011","259","6468796","4"
"Both Sexes","All Races","Arkansas","Both","All Ages","1999","2013","Homicide Firearm","2011","145","2938506","4.93"
"Both Sexes","All Races","California","Both","All Ages","1999","2013","Homicide Firearm","2011","1314","37668681","3.49"
"Both Sexes","All Races","Colorado","Both","All Ages","1999","2013","Homicide Firearm","2011","101","5118400","1.97"
"Both Sexes","All Races","Connecticut","Both","All Ages","1999","2013","Homicide Firearm","2011","96","3588948","2.67"
"Both Sexes","All Races","Delaware","Both","All Ages","1999","2013","Homicide Firearm","2011","31","907985","3.41"
"Both Sexes","All Races","District of Columbia","Both","All Ages","1999","2013","Homicide Firearm","2011","77","619624","12.43"
"Both Sexes","All Races","Florida","Both","All Ages","1999","2013","Homicide Firearm","2011","817","19083482","4.28"
"Both Sexes","All Races","Georgia","Both","All Ages","1999","2013","Homicide Firearm","2011","439","9810181","4.47"
"Both Sexes","All Races","Hawaii","Both","All Ages","1999","2013","Homicide Firearm","2011","P","1376897","."
"Both Sexes","All Races","Idaho","Both","All Ages","1999","2013","Homicide Firearm","2011","16","1583930","1.01"
"Both Sexes","All Races","Illinois","Both","All Ages","1999","2013","Homicide Firearm","2011","610","12855970","4.74"
"Both Sexes","All Races","Indiana","Both","All Ages","1999","2013","Homicide Firearm","2011","202","6516336","3.1"
"Both Sexes","All Races","Iowa","Both","All Ages","1999","2013","Homicide Firearm","2011","31","3064102","1.01"
"Both Sexes","All Races","Kansas","Both","All Ages","1999","2013","Homicide Firearm","2011","81","2869548","2.82"
"Both Sexes","All Races","Kentucky","Both","All Ages","1999","2013","Homicide Firearm","2011","133","4366869","3.05"
"Both Sexes","All Races","Louisiana","Both","All Ages","1999","2013","Homicide Firearm","2011","431","4575197","9.42"
"Both Sexes","All Races","Maine","Both","All Ages","1999","2013","Homicide Firearm","2011","15","1327844","1.13"
"Both Sexes","All Races","Maryland","Both","All Ages","1999","2013","Homicide Firearm","2011","276","5840241","4.73"
"Both Sexes","All Races","Massachusetts","Both","All Ages","1999","2013","Homicide Firearm","2011","128","6606285","1.94"
"Both Sexes","All Races","Michigan","Both","All Ages","1999","2013","Homicide Firearm","2011","511","9874589","5.17"
"Both Sexes","All Races","Minnesota","Both","All Ages","1999","2013","Homicide Firearm","2011","59","5347108","1.1"
"Both Sexes","All Races","Mississippi","Both","All Ages","1999","2013","Homicide Firearm","2011","221","2977886","7.42"
"Both Sexes","All Races","Missouri","Both","All Ages","1999","2013","Homicide Firearm","2011","303","6010065","5.04"
"Both Sexes","All Races","Montana","Both","All Ages","1999","2013","Homicide Firearm","2011","11","997600","1.1"
"Both Sexes","All Races","Nebraska","Both","All Ages","1999","2013","Homicide Firearm","2011","41","1841749","2.23"
"Both Sexes","All Races","Nevada","Both","All Ages","1999","2013","Homicide Firearm","2011","84","2717951","3.09"
"Both Sexes","All Races","New Hampshire","Both","All Ages","1999","2013","Homicide Firearm","2011","10","1318075","0.76"
"Both Sexes","All Races","New Jersey","Both","All Ages","1999","2013","Homicide Firearm","2011","288","8836639","3.26"
"Both Sexes","All Races","New Mexico","Both","All Ages","1999","2013","Homicide Firearm","2011","73","2077919","3.51"
"Both Sexes","All Races","New York","Both","All Ages","1999","2013","Homicide Firearm","2011","466","19502728","2.39"
"Both Sexes","All Races","North Carolina","Both","All Ages","1999","2013","Homicide Firearm","2011","380","9651377","3.94"
"Both Sexes","All Races","North Dakota","Both","All Ages","1999","2013","Homicide Firearm","2011","P","684867","."
"Both Sexes","All Races","Ohio","Both","All Ages","1999","2013","Homicide Firearm","2011","453","11549772","3.92"
"Both Sexes","All Races","Oklahoma","Both","All Ages","1999","2013","Homicide Firearm","2011","166","3785534","4.39"
"Both Sexes","All Races","Oregon","Both","All Ages","1999","2013","Homicide Firearm","2011","62","3867937","1.6"
"Both Sexes","All Races","Pennsylvania","Both","All Ages","1999","2013","Homicide Firearm","2011","512","12741310","4.02"
"Both Sexes","All Races","Rhode Island","Both","All Ages","1999","2013","Homicide Firearm","2011","12","1050350","1.14"
"Both Sexes","All Races","South Carolina","Both","All Ages","1999","2013","Homicide Firearm","2011","253","4673509","5.41"
"Both Sexes","All Races","South Dakota","Both","All Ages","1999","2013","Homicide Firearm","2011","P","823772","."
"Both Sexes","All Races","Tennessee","Both","All Ages","1999","2013","Homicide Firearm","2011","309","6398361","4.83"
"Both Sexes","All Races","Texas","Both","All Ages","1999","2013","Homicide Firearm","2011","812","25640909","3.17"
"Both Sexes","All Races","Utah","Both","All Ages","1999","2013","Homicide Firearm","2011","27","2814784","0.96"
"Both Sexes","All Races","Vermont","Both","All Ages","1999","2013","Homicide Firearm","2011","P","626320","."
"Both Sexes","All Races","Virginia","Both","All Ages","1999","2013","Homicide Firearm","2011","231","8105850","2.85"
"Both Sexes","All Races","Washington","Both","All Ages","1999","2013","Homicide Firearm","2011","88","6821481","1.29"
"Both Sexes","All Races","West Virginia","Both","All Ages","1999","2013","Homicide Firearm","2011","61","1855184","3.29"
"Both Sexes","All Races","Wisconsin","Both","All Ages","1999","2013","Homicide Firearm","2011","86","5708785","1.51"
"Both Sexes","All Races","Wyoming","Both","All Ages","1999","2013","Homicide Firearm","2011","12","567329","2.12"
"Both Sexes","All Races","","Both","All Ages","1999","2013","Homicide Firearm","2011","11068","311582564","3.55"
"Both Sexes","All Races","Alabama","Both","All Ages","1999","2013","Homicide Firearm","2012","306","4817528","6.35"
"Both Sexes","All Races","Alaska","Both","All Ages","1999","2013","Homicide Firearm","2012","17","730307","2.33"
"Both Sexes","All Races","Arizona","Both","All Ages","1999","2013","Homicide Firearm","2012","254","6551149","3.88"
"Both Sexes","All Races","Arkansas","Both","All Ages","1999","2013","Homicide Firearm","2012","166","2949828","5.63"
"Both Sexes","All Races","California","Both","All Ages","1999","2013","Homicide Firearm","2012","1362","37999878","3.58"
"Both Sexes","All Races","Colorado","Both","All Ages","1999","2013","Homicide Firearm","2012","115","5189458","2.22"
"Both Sexes","All Races","Connecticut","Both","All Ages","1999","2013","Homicide Firearm","2012","114","3591765","3.17"
"Both Sexes","All Races","Delaware","Both","All Ages","1999","2013","Homicide Firearm","2012","46","917053","5.02"
"Both Sexes","All Races","District of Columbia","Both","All Ages","1999","2013","Homicide Firearm","2012","55","633427","8.68"
"Both Sexes","All Races","Florida","Both","All Ages","1999","2013","Homicide Firearm","2012","862","19320749","4.46"
"Both Sexes","All Races","Georgia","Both","All Ages","1999","2013","Homicide Firearm","2012","481","9915646","4.85"
"Both Sexes","All Races","Hawaii","Both","All Ages","1999","2013","Homicide Firearm","2012","P","1390090","."
"Both Sexes","All Races","Idaho","Both","All Ages","1999","2013","Homicide Firearm","2012","18","1595590","1.13"
"Both Sexes","All Races","Illinois","Both","All Ages","1999","2013","Homicide Firearm","2012","645","12868192","5.01"
"Both Sexes","All Races","Indiana","Both","All Ages","1999","2013","Homicide Firearm","2012","251","6537782","3.84"
"Both Sexes","All Races","Iowa","Both","All Ages","1999","2013","Homicide Firearm","2012","33","3075039","1.07"
"Both Sexes","All Races","Kansas","Both","All Ages","1999","2013","Homicide Firearm","2012","67","2885398","2.32"
"Both Sexes","All Races","Kentucky","Both","All Ages","1999","2013","Homicide Firearm","2012","159","4379730","3.63"
"Both Sexes","All Races","Louisiana","Both","All Ages","1999","2013","Homicide Firearm","2012","428","4602134","9.3"
"Both Sexes","All Races","Maine","Both","All Ages","1999","2013","Homicide Firearm","2012","15","1328501","1.13"
"Both Sexes","All Races","Maryland","Both","All Ages","1999","2013","Homicide Firearm","2012","294","5884868","5"
"Both Sexes","All Races","Massachusetts","Both","All Ages","1999","2013","Homicide Firearm","2012","73","6645303","1.1"
"Both Sexes","All Races","Michigan","Both","All Ages","1999","2013","Homicide Firearm","2012","579","9882519","5.86"
"Both Sexes","All Races","Minnesota","Both","All Ages","1999","2013","Homicide Firearm","2012","61","5379646","1.13"
"Both Sexes","All Races","Mississippi","Both","All Ages","1999","2013","Homicide Firearm","2012","216","2986450","7.23"
"Both Sexes","All Races","Missouri","Both","All Ages","1999","2013","Homicide Firearm","2012","311","6024522","5.16"
"Both Sexes","All Races","Montana","Both","All Ages","1999","2013","Homicide Firearm","2012","10","1005494","0.99"
"Both Sexes","All Races","Nebraska","Both","All Ages","1999","2013","Homicide Firearm","2012","46","1855350","2.48"
"Both Sexes","All Races","Nevada","Both","All Ages","1999","2013","Homicide Firearm","2012","77","2754354","2.8"
"Both Sexes","All Races","New Hampshire","Both","All Ages","1999","2013","Homicide Firearm","2012","13","1321617","0.98"
"Both Sexes","All Races","New Jersey","Both","All Ages","1999","2013","Homicide Firearm","2012","276","8867749","3.11"
"Both Sexes","All Races","New Mexico","Both","All Ages","1999","2013","Homicide Firearm","2012","80","2083540","3.84"
"Both Sexes","All Races","New York","Both","All Ages","1999","2013","Homicide Firearm","2012","436","19576125","2.23"
"Both Sexes","All Races","North Carolina","Both","All Ages","1999","2013","Homicide Firearm","2012","422","9748364","4.33"
"Both Sexes","All Races","North Dakota","Both","All Ages","1999","2013","Homicide Firearm","2012","P","701345","."
"Both Sexes","All Races","Ohio","Both","All Ages","1999","2013","Homicide Firearm","2012","437","11553031","3.78"
"Both Sexes","All Races","Oklahoma","Both","All Ages","1999","2013","Homicide Firearm","2012","188","3815780","4.93"
"Both Sexes","All Races","Oregon","Both","All Ages","1999","2013","Homicide Firearm","2012","53","3899801","1.36"
"Both Sexes","All Races","Pennsylvania","Both","All Ages","1999","2013","Homicide Firearm","2012","547","12764475","4.29"
"Both Sexes","All Races","Rhode Island","Both","All Ages","1999","2013","Homicide Firearm","2012","15","1050304","1.43"
"Both Sexes","All Races","South Carolina","Both","All Ages","1999","2013","Homicide Firearm","2012","273","4723417","5.78"
"Both Sexes","All Races","South Dakota","Both","All Ages","1999","2013","Homicide Firearm","2012","P","834047","."
"Both Sexes","All Races","Tennessee","Both","All Ages","1999","2013","Homicide Firearm","2012","327","6454914","5.07"
"Both Sexes","All Races","Texas","Both","All Ages","1999","2013","Homicide Firearm","2012","894","26060796","3.43"
"Both Sexes","All Races","Utah","Both","All Ages","1999","2013","Homicide Firearm","2012","28","2854871","0.98"
"Both Sexes","All Races","Vermont","Both","All Ages","1999","2013","Homicide Firearm","2012","P","625953","."
"Both Sexes","All Races","Virginia","Both","All Ages","1999","2013","Homicide Firearm","2012","224","8186628","2.74"
"Both Sexes","All Races","Washington","Both","All Ages","1999","2013","Homicide Firearm","2012","127","6895318","1.84"
"Both Sexes","All Races","West Virginia","Both","All Ages","1999","2013","Homicide Firearm","2012","66","1856680","3.55"
"Both Sexes","All Races","Wisconsin","Both","All Ages","1999","2013","Homicide Firearm","2012","126","5724554","2.2"
"Both Sexes","All Races","Wyoming","Both","All Ages","1999","2013","Homicide Firearm","2012","P","576626","."
"Both Sexes","All Races","","Both","All Ages","1999","2013","Homicide Firearm","2012","11622","313873685","3.7"
"Both Sexes","All Races","Alabama","Both","All Ages","1999","2013","Homicide Firearm","2013","317","4833722","6.56"
"Both Sexes","All Races","Alaska","Both","All Ages","1999","2013","Homicide Firearm","2013","19","735132","2.58"
"Both Sexes","All Races","Arizona","Both","All Ages","1999","2013","Homicide Firearm","2013","251","6626624","3.79"
"Both Sexes","All Races","Arkansas","Both","All Ages","1999","2013","Homicide Firearm","2013","152","2959373","5.14"
"Both Sexes","All Races","California","Both","All Ages","1999","2013","Homicide Firearm","2013","1312","38332521","3.42"
"Both Sexes","All Races","Colorado","Both","All Ages","1999","2013","Homicide Firearm","2013","106","5268367","2.01"
"Both Sexes","All Races","Connecticut","Both","All Ages","1999","2013","Homicide Firearm","2013","66","3596080","1.84"
"Both Sexes","All Races","Delaware","Both","All Ages","1999","2013","Homicide Firearm","2013","38","925749","4.1"
"Both Sexes","All Races","District of Columbia","Both","All Ages","1999","2013","Homicide Firearm","2013","61","646449","9.44"
"Both Sexes","All Races","Florida","Both","All Ages","1999","2013","Homicide Firearm","2013","816","19552860","4.17"
"Both Sexes","All Races","Georgia","Both","All Ages","1999","2013","Homicide Firearm","2013","472","9992167","4.72"
"Both Sexes","All Races","Hawaii","Both","All Ages","1999","2013","Homicide Firearm","2013","P","1404054","."
"Both Sexes","All Races","Idaho","Both","All Ages","1999","2013","Homicide Firearm","2013","14","1612136","0.87"
"Both Sexes","All Races","Illinois","Both","All Ages","1999","2013","Homicide Firearm","2013","576","12882135","4.47"
"Both Sexes","All Races","Indiana","Both","All Ages","1999","2013","Homicide Firearm","2013","298","6570902","4.54"
"Both Sexes","All Races","Iowa","Both","All Ages","1999","2013","Homicide Firearm","2013","24","3090416","0.78"
"Both Sexes","All Races","Kansas","Both","All Ages","1999","2013","Homicide Firearm","2013","79","2893957","2.73"
"Both Sexes","All Races","Kentucky","Both","All Ages","1999","2013","Homicide Firearm","2013","138","4395295","3.14"
"Both Sexes","All Races","Louisiana","Both","All Ages","1999","2013","Homicide Firearm","2013","446","4625470","9.64"
"Both Sexes","All Races","Maine","Both","All Ages","1999","2013","Homicide Firearm","2013","13","1328302","0.98"
"Both Sexes","All Races","Maryland","Both","All Ages","1999","2013","Homicide Firearm","2013","299","5928814","5.04"
"Both Sexes","All Races","Massachusetts","Both","All Ages","1999","2013","Homicide Firearm","2013","84","6692824","1.26"
"Both Sexes","All Races","Michigan","Both","All Ages","1999","2013","Homicide Firearm","2013","493","9895622","4.98"
"Both Sexes","All Races","Minnesota","Both","All Ages","1999","2013","Homicide Firearm","2013","76","5420380","1.4"
"Both Sexes","All Races","Mississippi","Both","All Ages","1999","2013","Homicide Firearm","2013","215","2991207","7.19"
"Both Sexes","All Races","Missouri","Both","All Ages","1999","2013","Homicide Firearm","2013","293","6044171","4.85"
"Both Sexes","All Races","Montana","Both","All Ages","1999","2013","Homicide Firearm","2013","14","1015165","1.38"
"Both Sexes","All Races","Nebraska","Both","All Ages","1999","2013","Homicide Firearm","2013","51","1868516","2.73"
"Both Sexes","All Races","Nevada","Both","All Ages","1999","2013","Homicide Firearm","2013","88","2790136","3.15"
"Both Sexes","All Races","New Hampshire","Both","All Ages","1999","2013","Homicide Firearm","2013","P","1323459","."
"Both Sexes","All Races","New Jersey","Both","All Ages","1999","2013","Homicide Firearm","2013","298","8899339","3.35"
"Both Sexes","All Races","New Mexico","Both","All Ages","1999","2013","Homicide Firearm","2013","82","2085287","3.93"
"Both Sexes","All Races","New York","Both","All Ages","1999","2013","Homicide Firearm","2013","380","19651127","1.93"
"Both Sexes","All Races","North Carolina","Both","All Ages","1999","2013","Homicide Firearm","2013","412","9848060","4.18"
"Both Sexes","All Races","North Dakota","Both","All Ages","1999","2013","Homicide Firearm","2013","P","723393","."
"Both Sexes","All Races","Ohio","Both","All Ages","1999","2013","Homicide Firearm","2013","447","11570808","3.86"
"Both Sexes","All Races","Oklahoma","Both","All Ages","1999","2013","Homicide Firearm","2013","178","3850568","4.62"
"Both Sexes","All Races","Oregon","Both","All Ages","1999","2013","Homicide Firearm","2013","54","3930065","1.37"
"Both Sexes","All Races","Pennsylvania","Both","All Ages","1999","2013","Homicide Firearm","2013","486","12773801","3.8"
"Both Sexes","All Races","Rhode Island","Both","All Ages","1999","2013","Homicide Firearm","2013","18","1051511","1.71"
"Both Sexes","All Races","South Carolina","Both","All Ages","1999","2013","Homicide Firearm","2013","244","4774839","5.11"
"Both Sexes","All Races","South Dakota","Both","All Ages","1999","2013","Homicide Firearm","2013","P","844877","."
"Both Sexes","All Races","Tennessee","Both","All Ages","1999","2013","Homicide Firearm","2013","309","6495978","4.76"
"Both Sexes","All Races","Texas","Both","All Ages","1999","2013","Homicide Firearm","2013","912","26448193","3.45"
"Both Sexes","All Races","Utah","Both","All Ages","1999","2013","Homicide Firearm","2013","33","2900872","1.14"
"Both Sexes","All Races","Vermont","Both","All Ages","1999","2013","Homicide Firearm","2013","P","626630","."
"Both Sexes","All Races","Virginia","Both","All Ages","1999","2013","Homicide Firearm","2013","233","8260405","2.82"
"Both Sexes","All Races","Washington","Both","All Ages","1999","2013","Homicide Firearm","2013","116","6971406","1.66"
"Both Sexes","All Races","West Virginia","Both","All Ages","1999","2013","Homicide Firearm","2013","43","1854304","2.32"
"Both Sexes","All Races","Wisconsin","Both","All Ages","1999","2013","Homicide Firearm","2013","115","5742713","2"
"Both Sexes","All Races","Wyoming","Both","All Ages","1999","2013","Homicide Firearm","2013","P","582658","."
"Both Sexes","All Races","","Both","All Ages","1999","2013","Homicide Firearm","2013","11208","316128839","3.55"
"Both Sexes","All Races","","Both","All Ages","1999","2013","Homicide Firearm","X","174773","4472293305","3.91"
